id,first_name,last_name,birth_date,death_date,place_of_birth,wikipedia_url,start_mandate,end_mandate,country,bio_first_paragraph
Q57553,Mohammed,None,1963-08-21,,Rabat,https://ar.wikipedia.org/wiki/%D9%85%D8%AD%D9%85%D8%AF_%D8%A7%D9%84%D8%B3%D8%A7%D8%AF%D8%B3_%D8%A8%D9%86_%D8%A7%D9%84%D8%AD%D8%B3%D9%86,1999-07-23,,ma,جائزة محمد السادس لفن الخط المغربي.
Q69103,Hassan,None,1929-07-09,1999-07-20,Rabat,https://ar.wikipedia.org/wiki/%D8%A7%D9%84%D8%AD%D8%B3%D9%86_%D8%A7%D9%84%D8%AB%D8%A7%D9%86%D9%8A_%D8%A8%D9%86_%D9%85%D8%AD%D9%85%D8%AF,1961-02-26,1999-07-23,ma,الحَسَن الثاني بِنْ مُحمد بِنْ يوسف العَلوي (9 يوليو 1929 – 23 يوليو 1999)، ثاني ملوك المملكة المغربية بعد الإستقلال، والملك الثاني والعشرين للمغرب من سلالة العلويين الفيلاليين، تولى حكم المملكة المغربية خلفًا لوالده الملك محمد الخامس في 26 فبراير 1961 وحتى وفاته في 20 يوليو 1999. ينتمي الملك الحسن الثاني إلى السلالة العلوية التي تعود في نسبها إلى الحسن بن علي بن أبي طالب، وتحكم المغرب منذ عام 1666 ميلادية ويلقب الحاكم منهم بأمير المؤمنين.
Q193874,Mohammed,None,1909-08-10,1961-02-26,Fez,https://ar.wikipedia.org/wiki/%D9%85%D8%AD%D9%85%D8%AF_%D8%A7%D9%84%D8%AE%D8%A7%D9%85%D8%B3_%D8%A8%D9%86_%D9%8A%D9%88%D8%B3%D9%81,1957-08-14,1961-02-26,ma,محمد الخامس بن يوسف بن الحسن بن محمد بن عبد الرحمن بن هشام بن محمد بن عبد الله بن إسماعيل بن إسماعيل بن الشريف بن علي العلوي وُلد (1327 هـ / 10 أغسطس 1909م بالقصر السلطاني بفاس)  وتوفي (1381 هـ / 26 فبراير 1961م بالرباط) خَلَف والده السلطان مولاي يوسف الذي توفي بُكرة يوم الخميس 22 جمادى الأولى سنة 1346 هـ موافق 17 نوفمبر سنة 1927م فبويع ابنه سيدي محمد سلطانا للمغرب في اليوم الموالي بعد صلاة الجمعة 23 جمادى الأولى سنة 1346 هـ موافق 18 نوفمبر سنة 1927م في القصر السلطاني بفاس  ولم يزل سلطان المغرب إلى سنة 1957م، قضى منها المنفى بين (1953-1955)، ثم اتخذ لقب الملك سنة 1957م ولم يزل ملكا إلى وفاته سنة 1961م، ساند السلطان محمد الخامس نضالات الحركة الوطنية المغربية المطالبة بتحقيق الاستقلال، الشيء الذي دفعه إلى الاصطدام بسلطات الحماية. وكانت النتيجة قيام سلطات الحماية بنفيه إلى مدغشقر. وعلى إثر ذلك اندلعت مظاهرات مطالبة بعودته إلى وطنه. وأمام اشتداد حدة المظاهرات، قبلت السلطات الفرنسية بإرجاع السلطان إلى عرشه يوم 16 نوفمبر 1955. وبعد بضعة شهور تم إعلان استقلال المغرب. كان الملك محمد الخامس يكنى: أبا عبد الله.
Q334782,Mohammed,None,,,None,https://ar.wikipedia.org/wiki/%D8%A7%D9%84%D9%82%D8%A7%D8%A6%D9%85_%D8%A8%D8%A3%D9%85%D8%B1_%D8%A7%D9%84%D9%84%D9%87_%D8%A7%D9%84%D8%B3%D8%B9%D8%AF%D9%8A,,1517-01-01,ma,أبو عبد الله محمد بن محمد ابن علي بن مخلوف بن زيدان الملقب بالقائم بأمر الله عميد الأسرة السعدية وأول سلطان للمغرب من الأسرة السعدية، حكم بين 1509 - 1517.
Q23,George,Washington,1732-02-22,1799-12-14,Westmoreland County,https://en.wikipedia.org/wiki/George_Washington,1789-04-30,1797-03-04,us,"George Washington (February 22, 1732 – December 14, 1799) was an American Founding Father, military officer, politician and statesman who served as the first president of the United States from 1789 to 1797. Appointed by the Second Continental Congress as commander of the Continental Army in 1775, Washington led Patriot forces to victory in the American Revolutionary War and then served as president of the Constitutional Convention in 1787, which drafted and ratified the Constitution of the United States and established the U.S. federal government. Washington has thus been known as the Father of the Nation."
Q76,Barack,Obama,1961-08-04,,Kapiolani Medical Center for Women and Children,https://en.wikipedia.org/wiki/Barack_Obama,2009-01-20,2017-01-20,us, University of Chicago Law School 
Q91,Abraham,Lincoln,1809-02-12,1865-04-15,Sinking Spring Farm,https://en.wikipedia.org/wiki/Abraham_Lincoln,1861-03-04,1865-04-15,us,"Abraham Lincoln (/ˈlɪŋkən/ LINK-ən; February 12, 1809 – April 15, 1865) was an American lawyer, politician, and statesman who served as the 16th president of the United States from 1861 until his assassination in 1865. Lincoln led the United States through the American Civil War, defending the nation as a constitutional union, defeating the insurgent Confederacy, abolishing slavery, expanding the power of the federal government, and modernizing the U.S. economy."
Q207,George,Bush,1946-07-06,,New Haven,https://en.wikipedia.org/wiki/George_W._Bush,2001-01-20,2009-01-20,us,"George Walker Bush (born July 6, 1946) is an American politician and businessman who served as the 43rd president of the United States from 2001 to 2009. A member of the Republican Party, he previously served as the 46th governor of Texas from 1995 to 2000."
Q1124,Bill,Clinton,1946-08-19,,Hope,https://en.wikipedia.org/wiki/Bill_Clinton,1993-01-20,2001-01-20,us,"William Jefferson Clinton (born William Jefferson Blythe III, August 19, 1946) is an American politician  who served as the 42nd president of the United States from 1993 to 2001. A member of the Democratic Party, he previously served as Governor of Arkansas from 1979 to 1981 and again from 1983 to 1992. Clinton, whose policies reflected a centrist Third Way political philosophy, became known as a New Democrat."
Q6279,Joe,Biden,1942-11-20,,St. Mary's Hospital,https://en.wikipedia.org/wiki/Joe_Biden,2021-01-20,,us,"Joseph Robinette Biden Jr. (/ˈbaɪdən/ ⓘ BY-dən; born November 20, 1942) is an American politician who is the 46th and current president of the United States. A member of the Democratic Party, he previously served as the 47th vice president from 2009 to 2017 under President Barack Obama and represented Delaware in the United States Senate from 1973 to 2009."
Q8007,Franklin,Roosevelt,1882-01-30,1945-04-12,Hyde Park,https://en.wikipedia.org/wiki/Franklin_D._Roosevelt,1933-03-04,1945-04-12,us,"Franklin Delano Roosevelt[a] (January 30, 1882 – April 12, 1945), commonly known as FDR, was an American politician who served as the 32nd president of the United States from 1933 until his death in 1945. He was a member of the Democratic Party and is the only U.S. president to have served more than two terms. His initial two terms were centered on combating the Great Depression, while his third and fourth saw him shift his focus to Americas involvement in World War II. "
Q8612,Andrew,Johnson,1808-12-29,1875-07-31,Raleigh,https://en.wikipedia.org/wiki/Andrew_Johnson,1865-04-15,1869-03-04,us,"Andrew Johnson (December 29, 1808 – July 31, 1875) was an American politician who served as the 17th president of the United States from 1865 to 1869. He assumed the presidency following the assassination of Abraham Lincoln, as he was vice president at that time. Johnson was a Democrat who ran with Abraham Lincoln on the National Union Party ticket, coming to office as the Civil War concluded. He favored quick restoration of the seceded states to the Union without protection for the newly freed people who were formerly enslaved. This led to conflict with the Republican-dominated Congress, culminating in his impeachment by the House of Representatives in 1868. He was acquitted in the Senate by one vote."
Q9582,Gerald,Ford,1913-07-14,2006-12-26,Omaha,https://en.wikipedia.org/wiki/Gerald_Ford,1974-08-09,1977-01-20,us,"The economy was a great concern during the Ford administration. One of the first acts the new president took to deal with the economy was to create, by Executive Order on September 30, 1974, the Economic Policy Board. In October 1974, in response to rising inflation, Ford went before the American public and asked them to Whip Inflation Now. As part of this program, he urged people to wear WIN buttons. At the time, inflation was believed to be the primary threat to the economy, more so than growing unemployment; there was a belief that controlling inflation would help reduce unemployment. To rein in inflation, it was necessary to control the publics spending. To try to mesh service and sacrifice, WIN called for Americans to reduce their spending and consumption. On October 4, 1974, Ford gave a speech in front of a joint session of Congress; as a part of this speech he kicked off the WIN campaign. Over the next nine days, 101,240 Americans mailed in WIN pledges. In hindsight, this was viewed as simply a public relations gimmick which had no way of solving the underlying problems. The main point of that speech was to introduce to Congress a one-year, five-percent income tax increase on corporations and wealthy individuals. This plan would also take $4.4 billion out of the budget, bringing federal spending below $300 billion. At the time, inflation was over twelve percent."
Q9588,Richard,Nixon,1913-01-09,1994-04-22,Yorba Linda,https://en.wikipedia.org/wiki/Richard_Nixon,1969-01-20,1974-08-09,us,"Richard Milhous Nixon (January 9, 1913 – April 22, 1994) was the 37th president of the United States, serving from 1969 to 1974. A member of the Republican Party, he previously served as a representative and senator from California and as the 36th vice president from 1953 to 1961 under President Dwight D. Eisenhower. His presidency saw the reduction of U.S. involvement in the Vietnam War, détente with the Soviet Union and China, the Apollo 11 Moon landing, and the establishment of the Environmental Protection Agency and Occupational Safety and Health Administration. Nixons second term ended early when he became the only U.S. president to resign from office, as a result of the Watergate scandal. "
Q9640,Lyndon,Johnson,1908-08-27,1973-01-22,Stonewall,https://en.wikipedia.org/wiki/Lyndon_B._Johnson,1963-11-22,1969-01-20,us,"Lyndon Baines Johnson (/ˈlɪndən ˈbeɪnz/; August 27, 1908 – January 22, 1973), often referred to by his initials LBJ, was an American politician who served as the 36th president of the United States from 1963 to 1969. He became president after the assassination of John F. Kennedy, under whom he had served as the 37th vice president from 1961 to 1963. A Democrat from Texas, Johnson also served as a U.S. representative and U.S. senator."
Q9696,John,Kennedy,1917-05-29,1963-11-22,Brookline,https://en.wikipedia.org/wiki/John_F._Kennedy,1961-01-20,1963-11-22,us,"John Fitzgerald Kennedy (May 29, 1917 – November 22, 1963), often referred to as JFK or Jack, was an American politician who served as the 35th president of the United States from 1961 until his assassination in 1963. He was the youngest person elected president. Kennedy served at the height of the Cold War, and the majority of his foreign policy concerned relations with the Soviet Union and Cuba. A Democrat, Kennedy represented Massachusetts in both houses of the U.S. Congress prior to his presidency."
Q9916,Dwight,Eisenhower,1890-10-14,1969-03-28,Denison,https://en.wikipedia.org/wiki/Dwight_D._Eisenhower,1953-01-20,1961-01-20,us,General:
Q9960,Ronald,Reagan,1911-02-06,2004-06-05,Tampico,https://en.wikipedia.org/wiki/Ronald_Reagan,1981-01-20,1989-01-20,us,"Ronald Wilson Reagan (/ˈreɪɡən/ RAY-gən; February 6, 1911 – June 5, 2004) was an American politician and actor who served as the 40th president of the United States from 1981 to 1989. A member of the Republican Party, his presidency constituted the Reagan era, and he is considered one of the most prominent conservative figures in American history."
Q11613,Harry,Truman,1884-05-08,1972-12-26,Lamar,https://en.wikipedia.org/wiki/Harry_S._Truman,1945-04-12,1953-01-20,us,Other
Q11806,John,Adams,,1826-07-04,Braintree,https://en.wikipedia.org/wiki/John_Adams,1797-03-04,1801-03-04,us,"John Adams (October 30, 1735 – July 4, 1826) was an American statesman, attorney, diplomat, writer, and Founding Father who served as the second president of the United States from 1797 to 1801. Before his presidency, he was a leader of the American Revolution that achieved independence from Great Britain. During the latter part of the Revolutionary War and in the early years of the new nation, he served the U.S. government as a senior diplomat in Europe. Adams was the first person to hold the office of vice president of the United States, serving from 1789 to 1797. He was a dedicated diarist and regularly corresponded with important contemporaries, including his wife and adviser Abigail Adams and his friend and political rival Thomas Jefferson."
Q11812,Thomas,Jefferson,,1826-07-04,Shadwell,https://en.wikipedia.org/wiki/Thomas_Jefferson,1801-03-04,1809-03-04,us,"In keeping with his Enlightenment thinking, President Jefferson adopted an assimilation policy toward American Indians known as his civilization program which included securing peaceful U.S.–Indian treaty alliances and encouraging agriculture. Jefferson advocated that Indian tribes should make federal purchases by credit holding their lands as collateral. Various tribes accepted Jeffersons policies, including the Shawnees led by Black Hoof, the Muscogee, and the Cherokee. However, some Shawnees, led by Tecumseh, broke off from Black Hoof, and opposed Jeffersons assimilation policies."
Q11813,James,Madison,1751-03-16,1836-06-28,Port Conway,https://en.wikipedia.org/wiki/James_Madison,1809-03-04,1817-03-04,us,"James Madison Jr. (March 16, 1751[b] – June 28, 1836) was an American statesman, diplomat, and Founding Father who served as the fourth president of the United States from 1809 to 1817. Madison was popularly acclaimed the Father of the Constitution for his pivotal role in drafting and promoting the Constitution of the United States and the Bill of Rights."
Q11815,James,Monroe,1758-04-28,1831-07-04,Monroe Hall,https://en.wikipedia.org/wiki/James_Monroe,1817-03-04,1825-03-04,us,"James Monroe (/mənˈroʊ/ mən-ROH; April 28, 1758 – July 4, 1831) was an American statesman, lawyer, diplomat, and Founding Father who served as the fifth president of the United States from 1817 to 1825, a member of the Democratic-Republican Party. He was the last Founding Father to serve as president as well as the last president of the Virginia dynasty and the Republican Generation. His presidency coincided with the Era of Good Feelings, concluding the First Party System era of American politics. He issued the Monroe Doctrine, a policy of limiting European colonialism in the Americas. Monroe previously served as governor of Virginia, a member of the United States Senate, U.S. ambassador to France and Britain, the seventh secretary of state, and the eighth secretary of war."
Q11816,John,Adams,1767-07-11,1848-02-23,Braintree,https://en.wikipedia.org/wiki/John_Quincy_Adams,1825-03-04,1829-03-04,us,"John Quincy Adams (/ˈkwɪnzi/ ⓘ;[a] July 11, 1767 – February 23, 1848) was an American statesman, politician, diplomat, lawyer, and diarist who served as the sixth president of the United States, from 1825 to 1829. He previously served as the eighth United States secretary of state from 1817 to 1825. During his long diplomatic and political career, Adams served as an ambassador and also as a member of the United States Congress representing Massachusetts in both chambers. He was the eldest son of John Adams, who served as the second president of the United States from 1797 to 1801, and First Lady Abigail Adams. Initially a Federalist like his father, he won election to the presidency as a member of the Democratic-Republican Party, and later, in the mid-1830s, became affiliated with the Whig Party."
Q11817,Andrew,Jackson,1767-03-15,1845-06-08,Waxhaws,https://en.wikipedia.org/wiki/Andrew_Jackson,1829-03-04,1837-03-04,us,"Andrew Jackson Jr  (March 15, 1767 – June 8, 1845) was an American lawyer, planter, general, and statesman who served as the seventh president of the United States from 1829 to 1837. Before his presidency, he gained fame as a general in the U.S. Army and served in both houses of the U.S. Congress. Often praised as an advocate for ordinary Americans and for his work in preserving the union of states, Jackson has also been criticized for his racial policies, particularly his treatment of Native Americans."
Q11820,Martin,Van Buren,1782-12-05,1862-07-24,Kinderhook,https://en.wikipedia.org/wiki/Martin_Van_Buren,1837-03-04,1841-03-04,us,"Martin Van Buren (/væn ˈbjʊərən/ van BURE-ən; Dutch: Maarten van Buren [ˈmaːrtə(n) vɑm ˈbyːrə(n)] ⓘ; December 5, 1782 – July 24, 1862) was an American lawyer, diplomat, and statesman who served as the eighth president of the United States from 1837 to 1841. A primary founder of the Democratic Party, he served as New Yorks attorney general and U.S. senator, then briefly as the ninth governor of New York before joining Andrew Jacksons administration as the tenth United States secretary of state, minister to Great Britain, and ultimately the eighth vice president when named Jacksons running mate for the 1832 election. Van Buren won the presidency in 1836 against divided Whig opponents, the first president of non-Anglo-Saxon heritage and so far the only speaking English as a second language. Van Buren lost re-election in 1840, and failed to win the Democratic nomination in 1844. Later in his life, Van Buren emerged as an elder statesman and an important anti-slavery leader who led the Free Soil Party ticket in the 1848 presidential election."
Q11869,William,Harrison,1773-02-09,1841-04-04,Charles City County,https://en.wikipedia.org/wiki/William_Henry_Harrison,1841-03-04,1841-04-04,us,"Harrison was born into the Harrison family of Virginia at their homestead, Berkeley Plantation. He was a son of Benjamin Harrison V, a Founding Father of the United States. During his early military career, Harrison participated in the 1794 Battle of Fallen Timbers, an American military victory that ended the Northwest Indian War. Later, he led a military force against Tecumsehs confederacy at the Battle of Tippecanoe in 1811, where he earned the nickname Old Tippecanoe. He was promoted to major general in the Army during the War of 1812, and led American infantry and cavalry to victory at the Battle of the Thames in Upper Canada."
Q11881,John,Tyler,1790-03-29,1862-01-18,Charles City County,https://en.wikipedia.org/wiki/John_Tyler,1841-04-04,1845-03-04,us,"John Tyler (March 29, 1790 – January 18, 1862) was an American politician who served as the tenth president of the United States from 1841 to 1845, after briefly holding office as the tenth vice president in 1841. He was elected vice president on the 1840 Whig ticket with President William Henry Harrison, succeeding to the presidency following Harrisons death 31 days after assuming office. Tyler was a stalwart supporter and advocate of states rights, including regarding slavery, and he adopted nationalistic policies as president only when they did not infringe on the states powers. His unexpected rise to the presidency posed a threat to the presidential ambitions of Henry Clay and other Whig politicians and left Tyler estranged from both of the nations major political parties at the time."
Q11891,James,Polk,1795-11-02,1849-06-15,Pineville,https://en.wikipedia.org/wiki/James_K._Polk,1845-03-04,1849-03-04,us,"James Knox Polk (/poʊk/; November 2, 1795 – June 15, 1849) was the 11th president of the United States, serving from 1845 to 1849. He also served as the 13th speaker of the House of Representatives from 1835 to 1839 and the ninth governor of Tennessee from 1839 to 1841. A protégé of Andrew Jackson, he was a member of the Democratic Party and an advocate of Jacksonian democracy. Polk is known for extending the territory of the United States through the Mexican–American War during his presidency, annexing the Republic of Texas, the Oregon Territory, and the Mexican Cession after winning the Mexican–American War."
Q11896,Zachary,Taylor,1784-11-24,1850-07-09,Barboursville,https://en.wikipedia.org/wiki/Zachary_Taylor,1849-03-04,1850-07-09,us,"Zachary Taylor (November 24, 1784 – July 9, 1850) was an American military leader who served as the 12th president of the United States from 1849 until his death in 1850. Taylor was a career officer in the United States Army, rising to the rank of major general and becoming a national hero for his victories in the Mexican–American War. As a result, he won election to the White House despite his vague political beliefs. His top priority as president was to preserve the Union. He died 16 months into his term from a stomach disease."
Q12306,Millard,Fillmore,1800-01-07,1874-03-08,Summerhill,https://en.wikipedia.org/wiki/Millard_Fillmore,1850-07-09,1853-03-04,us,"Millard Fillmore (January 7, 1800 – March 8, 1874) was the 13th president of the United States, serving from 1850 to 1853, the last to be a member of the Whig Party while in the White House.  A former member of the U.S. House of Representatives from upstate New York, Fillmore was elected as the 12th vice president in 1848, and succeeded to the presidency in July 1850 upon the death of Zachary Taylor. Fillmore was instrumental in passing the Compromise of 1850, a bargain that led to a brief truce in the battle over the expansion of slavery. He failed to win the Whig nomination for president in 1852 but gained the endorsement of the nativist Know Nothing Party four years later and finished third in the 1856 presidential election."
Q12312,Franklin,Pierce,1804-11-23,1869-10-08,Hillsborough,https://en.wikipedia.org/wiki/Franklin_Pierce,1853-03-04,1857-03-04,us,"Franklin Pierce (November 23, 1804 – October 8, 1869) was an American politician who served as the 14th president of the United States from 1853 to 1857. A northern Democrat who believed that the abolitionist movement was a fundamental threat to the nations unity, he alienated anti-slavery groups by signing the Kansas–Nebraska Act and enforcing the Fugitive Slave Act. Conflict between North and South continued after Pierces presidency, and, after Abraham Lincoln was elected president in 1860, the Southern states seceded, resulting in the American Civil War."
Q12325,James,Buchanan,1791-04-23,1868-06-01,Stony Batter,https://en.wikipedia.org/wiki/James_Buchanan,1857-03-04,1861-03-04,us,Primary sources
Q22686,Donald,Trump,1946-06-14,,Jamaica Hospital Medical Center,https://en.wikipedia.org/wiki/Donald_Trump,2017-01-20,2021-01-20,us,"Donald John Trump (born June 14, 1946) is an American politician, media personality, and businessman who served as the 45th president of the United States from 2017 to 2021. "
Q23505,George,Bush,1924-06-12,2018-11-30,Milton,https://en.wikipedia.org/wiki/George_H._W._Bush,1989-01-20,1993-01-20,us,"George Herbert Walker Bush[a] (June 12, 1924 – November 30, 2018) was an American politician, diplomat, and businessman who served as the 41st president of the United States from 1989 to 1993. A member of the Republican Party, he also served as the 43rd vice president from 1981 to 1989 under Ronald Reagan, and in various other federal positions prior to that."
Q23685,Jimmy,Carter,1924-10-01,,Lillian G. Carter Nursing Center,https://en.wikipedia.org/wiki/Jimmy_Carter,1977-01-20,1981-01-20,us,"James Earl Carter Jr. (born October 1, 1924) is an American politician and humanitarian who served as the 39th president of the United States from 1977 to 1981. A member of the Democratic Party, Carter was the 76th governor of Georgia from 1971 to 1975, and a Georgia state senator from 1963 to 1967. At age 99, he is both the oldest living former U.S. president and the longest-lived president in U.S. history. "
Q33866,Theodore,Roosevelt,1858-10-27,1919-01-06,Manhattan,https://en.wikipedia.org/wiki/Theodore_Roosevelt,1901-09-14,1909-03-04,us,"Theodore  Roosevelt Jr.[b] (October 27, 1858 – January 6, 1919), often referred to as Teddy or by his initials, T. R., was an American politician, statesman, conservationist, naturalist, and writer who served as the 26th president of the United States from 1901 to 1909. He previously held various positions in New York politics, rising up the ranks to serve as the states 33rd governor for two years. He later served as the 25th vice president under president William McKinley for six months in 1901, assuming the presidency after McKinleys assassination. As president, Roosevelt emerged as a leader of the Republican Party and became a driving force for anti-trust and Progressive policies."
Q34296,Woodrow,Wilson,1856-12-28,1924-02-03,Staunton,https://en.wikipedia.org/wiki/Woodrow_Wilson,1913-03-04,1921-03-04,us,"Thomas Woodrow Wilson (December 28, 1856 – February 3, 1924) was an American politician and academic who served as the 28th president of the United States from 1913 to 1921. A member of the Democratic Party, Wilson served as the president of Princeton University and as the governor of New Jersey before winning the 1912 presidential election. As president, Wilson changed the nations economic policies and led the United States into World War I in 1917. He was the leading architect of the League of Nations, and his progressive stance on foreign policy came to be known as Wilsonianism."
Q34597,James,Garfield,1831-11-19,1881-09-19,Moreland Hills,https://en.wikipedia.org/wiki/James_A._Garfield,1881-03-04,1881-09-19,us,"James Abram Garfield (November 19, 1831 – September 19, 1881) was the 20th president of the United States, serving from March 1881 until his death the following September after being shot by an assassin in July. A lawyer and Civil War general, Garfield served nine terms in the United States House of Representatives and is the only sitting member of the House to be elected president. Before his candidacy for the presidency, he had been elected to the U.S. Senate by the Ohio General Assembly—a position he declined when he became president-elect."
Q34836,Ulysses,Grant,1822-04-27,1885-07-23,Point Pleasant,https://en.wikipedia.org/wiki/Ulysses_S._Grant,1869-03-04,1877-03-04,us,"Ulysses S. Grant (born Hiram Ulysses Grant;[b] April 27, 1822 – July 23, 1885) was an American military officer and politician who served as the 18th president of the United States from 1869 to 1877. As commanding general, he led the Union Army to victory in the American Civil War in 1865 and thereafter briefly served as U.S. secretary of war. As president, Grant was an effective civil rights executive who signed the bill that created the Justice Department and worked with Radical Republicans to protect African Americans during Reconstruction."
Q35041,William,McKinley,1843-01-29,1901-09-14,Niles,https://en.wikipedia.org/wiki/William_McKinley,1897-03-04,1901-09-14,us,"William McKinley (January 29, 1843 – September 14, 1901) was an American politician who served as the 25th president of the United States from 1897 until his assassination in 1901. A member of the Republican Party, he led a realignment that made Republicans largely dominant in the industrial states and nationwide for decades. He presided over victory in the Spanish–American War of 1898; gained control of Hawaii, Puerto Rico, the Philippines and Cuba; restored prosperity after a deep depression; rejected the inflationary monetary policy of free silver, keeping the nation on the gold standard; and raised protective tariffs."
Q35171,Stephen,Cleveland,1837-03-18,1908-06-24,Caldwell,https://en.wikipedia.org/wiki/Grover_Cleveland,1893-03-04,1897-03-04,us,Other
Q35236,Herbert,Hoover,1874-08-10,1964-10-20,West Branch,https://en.wikipedia.org/wiki/Herbert_Hoover,1929-03-04,1933-03-04,us,"Herbert Clark Hoover (August 10, 1874 – October 20, 1964) was an American politician who served as the 31st president of the United States from 1929 to 1933. A member of the Republican Party, he held office during the onset of the Great Depression. A wealthy mining engineer before his presidency, Hoover led the wartime Commission for Relief in Belgium, served as the director of the U.S. Food Administration, and served as the U.S. secretary of commerce."
Q35286,Warren,Harding,1865-11-02,1923-08-02,Blooming Grove,https://en.wikipedia.org/wiki/Warren_G._Harding,1921-03-04,1923-08-02,us,"Warren Gamaliel Harding (November 2, 1865 – August 2, 1923) was an American politician who served as the 29th president of the United States from 1921 until his death in 1923. A member of the Republican Party, he was one of the most popular sitting U.S. presidents. After his death, a number of scandals were exposed, including Teapot Dome, as well as an extramarital affair with Nan Britton, which tarnished his reputation."
Q35498,Chester,Arthur,1829-10-05,1886-11-18,Fairfield,https://en.wikipedia.org/wiki/Chester_A._Arthur,1881-09-19,1885-03-04,us,"Chester Alan Arthur (October 5, 1829[b] – November 18, 1886) was an American politician who served as the 21st president of the United States from 1881 to 1885. He was a Republican lawyer from New York who briefly served as the 20th vice president under President James A. Garfield. Arthur assumed the presidency after Garfields death on September 19, 1881, and served the remainder of his term until March 4, 1885."
Q35648,William,Taft,1857-09-15,1930-03-08,Cincinnati,https://en.wikipedia.org/wiki/William_Howard_Taft,1909-03-04,1913-03-04,us,"William Howard Taft (September 15, 1857 – March 8, 1930) was the 27th president of the United States, serving from 1909 to 1913, and the tenth chief justice of the United States, serving from 1921 to 1930, the only person to have held both offices. Taft was elected president in 1908, the chosen successor of Theodore Roosevelt, but was defeated for reelection in 1912 by Woodrow Wilson after Roosevelt split the Republican vote by running as a third-party candidate. In 1921, President Warren G. Harding appointed Taft to be chief justice, a position he held until a month before his death."
Q35678,Benjamin,Harrison,1833-08-20,1901-03-13,North Bend,https://en.wikipedia.org/wiki/Benjamin_Harrison,1889-03-04,1893-03-04,us,"Benjamin Harrison (August 20, 1833 – March 13, 1901) was an American politician who served as the 23rd president of the United States from 1889 to 1893. He was a member of the Harrison family of Virginia—a grandson of the ninth president, William Henry Harrison, and a great-grandson of Benjamin Harrison V, a Founding Father."
Q35686,Rutherford,Hayes,1822-10-04,1893-01-17,Delaware,https://en.wikipedia.org/wiki/Rutherford_B._Hayes,1877-03-04,1881-03-04,us,"Rutherford Birchard Hayes (/ˈrʌðərfərd/; October 4, 1822 – January 17, 1893) was an American military officer and politician from the state of Ohio. A Republican, Hayes served as the 19th president of the United States from 1877 to 1881. "
Q36023,John,Coolidge,1872-07-04,1933-01-05,Plymouth Notch,https://en.wikipedia.org/wiki/Calvin_Coolidge,1923-08-02,1929-03-04,us,"Calvin Coolidge (born John Calvin Coolidge Jr.; /ˈkuːlɪdʒ/; July 4, 1872 – January 5, 1933) was an American attorney and politician who served as the 30th president of the United States from 1923 to 1929."
Q157,François,Hollande,1954-08-12,,Rouen,https://fr.wikipedia.org/wiki/Fran%C3%A7ois_Hollande,2012-05-15,2017-05-14,fr,"François Hollande [fʁɑ̃swa ʔɔlɑ̃d][n 2] Écouter, né le 12 août 1954 à Rouen (Seine-Inférieure), est un haut fonctionnaire et homme dÉtat français. Il est président de la République française du 15 mai 2012 au 14 mai 2017."
Q329,Nicolas,Sarkozy,1955-01-28,,Paris,https://fr.wikipedia.org/wiki/Nicolas_Sarkozy,2007-05-16,2012-05-15,fr,"Nicolas Sarközy de Nagy-Bocsa[d], dit Nicolas Sarkozy (/ni.kɔ.la saʁ.kɔ.zi/[e] ; Écouter), né le 28 janvier 1955 à Paris (France), est un homme dÉtat français. Il est président de la République française du 16 mai 2007 au 15 mai 2012."
Q2038,François,Mitterrand,1916-10-26,1996-01-08,Jarnac,https://fr.wikipedia.org/wiki/Fran%C3%A7ois_Mitterrand,1981-05-21,1995-05-17,fr,Cette bibliographie recense trop douvrages (octobre 2022). Les ouvrages doivent être de « référence » dans le domaine du sujet de larticle. Il peut être souhaitable de les insérer dans une référence et de les enlever de la section « bibliographie ». Il peut être également utile de créer un article bibliographique spécifique.
Q2042,Charles,de Gaulle,1890-11-22,1970-11-09,Lille,https://fr.wikipedia.org/wiki/Charles_de_Gaulle,1959-01-08,1969-04-28,fr,"Un article bibliographique spécifique serait utile (mars 2023). Compte tenu du nombre douvrages ou détudes relatives au sujet de larticle, il serait utile de créer un article bibliographique spécifique. On ne garderait alors dans larticle que les ouvrages biographiques ou de référence principaux, ainsi que ceux utilisés pour écrire larticle."
Q2105,Jacques,Chirac,1932-11-29,2019-09-26,5th arrondissement of Paris,https://fr.wikipedia.org/wiki/Jacques_Chirac,1995-05-17,2007-05-16,fr,"Jacques Chirac (/ʒak ʃiʁak/[b] Écouter), né le 29 novembre 1932 dans le 5e arrondissement de Paris et mort le 26 septembre 2019 dans le 6e arrondissement de la même ville, est un haut fonctionnaire et homme dÉtat français. Il est Premier ministre de 1974 à 1976, puis de 1986 à 1988, et président de la République de 1995 à 2007."
Q2124,Valéry,Giscard d'Estaing,1926-02-02,2020-12-02,Koblenz,https://fr.wikipedia.org/wiki/Val%C3%A9ry_Giscard_d%27Estaing,1974-05-27,1981-05-21,fr,"Valéry Giscard dEstaing [valeʁi ʒiskaʁ dɛstɛ̃][d] Écouter — communément appelé « Giscard » ou désigné par ses initiales, « VGE » —, né le 2 février 1926 à Coblence (Allemagne) et mort le 2 décembre 2020 à Authon (France), est un homme dÉtat français, président de la République de 1974 à 1981."
Q2185,Georges,Pompidou,1911-07-05,1974-04-02,Montboudif,https://fr.wikipedia.org/wiki/Georges_Pompidou,1969-06-20,1974-04-02,fr,Gouvernements Pierre Messmer (7 juillet 1972 - 27 mai 1974)
Q5738,Adolphe,Thiers,1797-04-15,1877-09-03,Marseille,https://fr.wikipedia.org/wiki/Adolphe_Thiers,1871-08-31,1873-05-24,fr,Fratrie :
Q7721,Napoléon,Bonaparte,1808-04-20,1873-01-09,Paris,https://fr.wikipedia.org/wiki/Napol%C3%A9on_III,1848-12-20,1852-12-02,fr,Décorations étrangères
Q12680,Paul,Doumer,1857-03-22,1932-05-07,Aurillac,https://fr.wikipedia.org/wiki/Paul_Doumer,1931-06-13,1932-05-07,fr,Sur son assassinat et Paul Gorgulov
Q12950,Alain,Poher,1909-04-17,1996-12-09,Ablon-sur-Seine,https://fr.wikipedia.org/wiki/Alain_Poher,1969-04-28,1969-06-20,fr,"Alain Poher, né le 17 avril 1909 à Ablon-sur-Seine (Seine-et-Oise) et mort le 9 décembre 1996 à Paris 16e, est un homme dÉtat français."
Q158749,Albert,Lebrun,1871-08-29,1950-03-06,Mercy-le-Haut,https://fr.wikipedia.org/wiki/Albert_Lebrun,1932-05-10,1940-07-11,fr,"Albert Lebrun, né le 29 août 1871 à Mercy-le-Haut (alors en Moselle restée française après le traité de Francfort) et mort le 6 mars 1950 à Paris (alors dans le département de la Seine), est un homme dÉtat français. Il est président de la République française du 10 mai 1932 au 11 juillet 1940 (le dernier de la IIIe République)."
Q158768,René,Coty,1882-03-20,1962-11-22,Le Havre,https://fr.wikipedia.org/wiki/Ren%C3%A9_Coty,1954-01-16,1959-01-08,fr,"René Coty, né le 20 mars 1882 au Havre et mort le 22 novembre 1962 dans la même ville, est un homme dÉtat français. Il est président de la République du 16 janvier 1954 au 8 janvier 1959."
Q158772,Vincent,Auriol,1884-08-27,1966-01-01,Revel,https://fr.wikipedia.org/wiki/Vincent_Auriol,1947-01-16,1954-01-16,fr,"Vincent Auriol, né le 27 août 1884 à Revel (Haute-Garonne) et mort le 1er janvier 1966 à Paris, est un homme dÉtat français. Il est président de la République du 16 janvier 1947 au 16 janvier 1954."
Q158838,Patrice,de Mac Mahon,1808-06-13,1893-10-17,Sully,https://fr.wikipedia.org/wiki/Patrice_de_Mac_Mahon,1873-05-24,1879-01-30,fr,"Patrice de Mac Mahon[b], comte de Mac Mahon, 1er duc de Magenta, maréchal de France, né le 13 juin 1808 au château de Sully (Saône-et-Loire) et mort le 17 octobre 1893 à Montcresson (Loiret), est un militaire et homme d’État français, président de la République du 24 mai 1873 au 30 janvier 1879."
Q169502,Émile,Loubet,1838-12-31,1929-12-20,Marsanne,https://fr.wikipedia.org/wiki/%C3%89mile_Loubet,1899-02-18,1906-02-18,fr,"Émile Loubet, né le 30 décembre 1838 à Marsanne (Drôme) et mort le 20 décembre 1929 à Montélimar (Drôme), est un homme dÉtat français. Il est président de la République française du 18 février 1899 au 18 février 1906."
Q191974,Raymond,Poincaré,1860-08-20,1934-10-15,Bar-le-Duc,https://fr.wikipedia.org/wiki/Raymond_Poincar%C3%A9,1913-02-18,1920-02-18,fr,"Raymond Poincaré, du nom complet Raymond Nicolas Landry Poincaré, est né le 20 août 1860 à Bar-le-Duc (Meuse) et mort le 15 octobre 1934 à Paris, est un avocat et homme dÉtat français. Il est le président de la République française du 18 février 1913 au 18 février 1920."
Q215778,Marie,Carnot,1837-08-11,1894-06-25,Limoges,https://fr.wikipedia.org/wiki/Sadi_Carnot_(homme_d%27%C3%89tat),1887-12-03,1894-06-25,fr,"Marie François Sadi Carnot, plus souvent appelé Sadi Carnot, est un homme dÉtat français, né le 11 août 1837 à Limoges et mort assassiné le 25 juin 1894 à Lyon. Il est président de la République du 3 décembre 1887 à sa mort."
Q274540,Alexandre,Millerand,1859-02-10,1943-04-06,Paris,https://fr.wikipedia.org/wiki/Alexandre_Millerand,1920-09-23,1924-06-11,fr,"Alexandre Millerand, né le 10 février 1859 à Paris et mort le 6 avril 1943 à Versailles, est un homme dÉtat français. Il est président du Conseil du 20 janvier au 23 septembre 1920, puis président de la République du 23 septembre 1920 au 11 juin 1924."
Q296064,Gaston,Doumergue,1863-08-01,1937-06-18,Aigues-Vives,https://fr.wikipedia.org/wiki/Gaston_Doumergue,1924-06-13,1931-06-13,fr,"Gaston Doumergue, né le 1er août 1863 à Aigues-Vives (Gard) et mort le 18 juin 1937 dans la même ville, est un homme dÉtat français. Il est président de la République française du 13 juin 1924 au 13 juin 1931."
Q296076,Félix,Faure,1841-01-30,1899-02-16,Paris,https://fr.wikipedia.org/wiki/F%C3%A9lix_Faure,1895-01-17,1899-02-16,fr,"Félix Faure, né le 30 janvier 1841 à Paris et mort le 16 février 1899 dans la même ville, est un homme dÉtat français. Il est président de la République du 17 janvier 1895 à sa mort."
Q296083,Jules,Grévy,1807-08-15,1891-09-09,Mont-sous-Vaudrey,https://fr.wikipedia.org/wiki/Jules_Gr%C3%A9vy,1879-01-30,1887-12-02,fr,"François Judith Paul Grévy, né le 15 août 1807 à Mont-sous-Vaudrey et mort le 9 septembre 1891 dans la même commune, est un homme dÉtat français, président de la République du 30 janvier 1879 au 2 décembre 1887."
Q296673,Clément,Fallières,1841-11-06,1931-06-22,Mézin,https://fr.wikipedia.org/wiki/Armand_Falli%C3%A8res,1906-02-18,1913-02-18,fr,"Armand Fallières, né le 6 novembre 1841 à Mézin (Lot-et-Garonne) et mort le 22 juin 1931 à Villeneuve-de-Mézin (Lot-et-Garonne), est un homme dÉtat français, président de la République française de 1906 à 1913."
Q309995,Paul,Deschanel,1855-02-13,1922-04-28,Schaerbeek - Schaarbeek,https://fr.wikipedia.org/wiki/Paul_Deschanel,1920-02-18,1920-09-21,fr,"Paul Deschanel, né le 13 février 1855 à Schaerbeek (Belgique) et mort le 28 avril 1922 à Paris (France), est un homme dÉtat, journaliste et écrivain français, président de la République du 18 février au 21 septembre 1920."
Q312026,Georges,Bidault,1899-10-05,1983-01-27,Moulins,https://fr.wikipedia.org/wiki/Georges_Bidault,1946-06-24,1946-10-14,fr,"Georges Bidault, né le 5 octobre 1899 à Moulins (Allier) et mort le 27 janvier 1983 à Cambo-les-Bains (Pyrénées-Atlantiques), est un résistant et un homme dÉtat français."
Q315656,Jean,Casimir-Perier,1847-11-08,1907-03-11,Paris,https://fr.wikipedia.org/wiki/Jean_Casimir-Perier,1894-06-27,1895-01-16,fr,"Jean Casimir-Perier, né le 8 novembre 1847 à Paris et mort le 11 mars 1907 dans la même ville, est un homme dÉtat français. Il est président de la République française du 27 juin 1894 au 16 janvier 1895."
Q356032,Charles,Dupuy,1851-11-05,1923-07-23,Le Puy-en-Velay,https://fr.wikipedia.org/wiki/Charles_Dupuy,1894-06-25,1894-06-27,fr,"Charles Dupuy, né le 5 novembre 1851 au Puy-en-Velay et mort le 23 juillet 1923 à Ille-sur-Têt, est un homme dÉtat français. Il occupe à plusieurs reprises la fonction de président du Conseil sous la IIIe République, entre 1893 et 1899. Il est également président de la Chambre des députés de 1893 à 1894."
Q379702,Louis,Cavaignac,1802-10-15,1857-10-28,Paris,https://fr.wikipedia.org/wiki/Eug%C3%A8ne_Cavaignac,1848-06-28,1848-12-20,fr,"Louis Eugène Cavaignac, connu aussi sous le nom de général Cavaignac, né le 23 vendémiaire an XI (15 octobre 1802) à Paris et mort le 28 octobre 1857 dans son château dOurne à Flée, est un général et homme dÉtat français. "
Q441235,Louis,None,1815-03-12,1896-10-07,Le Palais,https://fr.wikipedia.org/wiki/Louis_Jules_Trochu,1870-09-04,1871-01-22,fr,"Louis-Jules Trochu, né au Palais à Belle-Île-en-Mer (Morbihan) le 12 mars 1815 et mort à Tours (Indre-et-Loire) le 7 octobre 1896, est un général de division et homme dÉtat français sous le Second Empire. Élève de Saint-Cyr et de lÉcole dapplication du Corps royal détat-major, gouverneur de Paris, il prend le pouvoir à la suite de la proclamation de la République en 1870, et met en place un gouvernement de la Défense nationale le 4 septembre 1870. Il quitte le pouvoir le 17 février 1871 et met fin à son gouvernement après avoir tenté de poursuivre la guerre franco-allemande."
Q459212,Frédéric,None,1874-03-16,1958-05-20,Paris,https://fr.wikipedia.org/wiki/Fr%C3%A9d%C3%A9ric_Fran%C3%A7ois-Marsal,1924-06-11,1924-06-13,fr,"Frédéric François-Marsal, né le 16 mars 1874 à Paris et mort le 20 mai 1958 à Gisors, est un homme daffaires et un homme politique français de la droite républicaine, dont la carrière politique a culminé avec son bref passage à la présidence du Conseil en 1924."
Q3052772,Emmanuel,Macron,1977-12-21,,Amiens,https://fr.wikipedia.org/wiki/Emmanuel_Macron,2017-05-14,,fr,"Emmanuel Macron (/ɛmanɥɛl makʁɔ̃/[e] Écouter), né le 21 décembre 1977 à Amiens (Somme), est un haut fonctionnaire et homme dÉtat français. Il est président de la République française depuis le 14 mai 2017."
Q12978,Guy,Verhofstadt,1953-04-11,,Dendermonde,https://nl.wikipedia.org/wiki/Guy_Verhofstadt,1999-07-12,2008-03-20,be,"Guy Maurice Marie-Louise Verhofstadt (uitspraakⓘ) (Dendermonde, 11 april 1953) is een Belgisch politicus voor de Open Vlaamse Liberalen en Democraten (Open Vld). Hij was premier van België van 12 juli 1999 tot 20 maart 2008 in drie regeringen. Nu is hij lid van het Europees Parlement, waar hij van 2009 tot 2019 fractieleider van de Alliantie van Liberalen en Democraten voor Europa (ALDE) was."
Q12981,Yves,Leterme,1960-10-06,,Wervik,https://nl.wikipedia.org/wiki/Yves_Leterme,2009-11-25,2011-12-06,be,"Yves Camille Désiré Leterme (Wervik, 6 oktober 1960) is een Belgisch politicus. Hij was onder meer Vlaams minister-president en premier van België. Hij was lang boegbeeld van de CD&V en boegbeeld van het toenmalige kartel CD&V/N-VA."
Q12983,Herman,None,1947-10-31,,Etterbeek,https://nl.wikipedia.org/wiki/Herman_Van_Rompuy,2008-12-30,2009-11-25,be,"Herman Achille graaf Van Rompuy (Etterbeek, 31 oktober 1947) is een Belgische politicus van de christendemocratische partij CD&V. Hij was tussen 30 december 2008 en 25 november 2009 de premier van België en van 1 januari 2010 tot en met 30 november 2014 voorzitter van de Europese Raad, in de media vaak incorrect president van Europa genoemd. Op 19 november 2009 werd bekendgemaakt dat hij was verkozen tot de eerste permanente voorzitter en op 1 maart 2012 werd Van Rompuy met algemene stemmen door de 27 staatshoofden en regeringsleiders van de EU voor een tweede mandaat benoemd. Na deze termijn was hij niet meer herkiesbaar."
Q14989,Léon,Delacroix,1867-12-27,1929-10-15,Saint-Josse-ten-Noode,https://nl.wikipedia.org/wiki/L%C3%A9on_Delacroix,1918-11-21,1920-11-20,be,"Léon Fréderic Gustave Delacroix (Sint-Joost-ten-Node, 27 december 1867 – Baden-Baden, 15 oktober 1929) was een Belgisch katholiek politicus. De Léon Delacroixstraat in Anderlecht en het metrostation Delacroix werden naar hem vernoemd."
Q14990,Henry,Carton,1869-01-31,1951-05-06,Brussels,https://nl.wikipedia.org/wiki/Henri_Carton_de_Wiart,1920-11-20,1921-12-16,be,"Henri Victor Marie Ghislain graaf Carton de Wiart (Brussel, 31 januari 1869 – Ukkel, 6 mei 1951) (ook als Henry vermeld) was een Belgische politicus. Hij was Eerste Minister van 1920 tot 1921."
Q14991,Georges,Theunis,1873-02-28,1966-01-04,Montegnée,https://nl.wikipedia.org/wiki/Georges_Theunis,1934-11-20,1935-03-25,be,"Georges Emile Pierre Léonard Theunis (Montegnée, 28 februari 1873 – Brussel, 4 januari 1966) was een Belgisch politicus van de Katholieke Partij."
Q14992,Aloïs,Van de Vyvere,1871-06-08,1961-10-22,Tielt,https://nl.wikipedia.org/wiki/Aloys_Van_de_Vyvere,1925-05-13,1925-06-17,be,"Aloys Jean Maria Joseph Van de Vyvere (Tielt, 8 juni 1871 - Parijs, 22 oktober 1961) was een Belgisch katholiek volksvertegenwoordiger en minister."
Q14993,Prosper,Poullet,1868-03-05,1937-12-03,Leuven,https://nl.wikipedia.org/wiki/Prosper_Poullet,1925-06-17,1926-05-20,be,"Prosper Antoine Marie Joseph burggraaf Poullet (Leuven, 5 maart 1868 - 3 december 1937) was een Belgisch politicus."
Q14994,Henri,Jaspar,1870-07-28,1939-02-15,Schaerbeek - Schaarbeek,https://nl.wikipedia.org/wiki/Henri_Jaspar,1926-05-20,1931-06-06,be,"Henri Jaspar (Schaarbeek, 28 juli 1870 - Sint-Gillis, 15 februari 1939) was een Belgisch katholiek politicus, die twee keer premier van België was."
Q14995,Jules,None,1862-12-03,1934-07-15,Ixelles - Elsene,https://nl.wikipedia.org/wiki/Jules_Renkin,1931-06-06,1932-10-22,be,"Jules Laurent Jean Louis Renkin (Elsene, 3 december 1862 - Brussel, 15 juli 1934) was een Belgisch katholiek politicus."
Q14996,Paul,Van Zeeland,1893-11-11,1973-09-22,Soignies,https://nl.wikipedia.org/wiki/Paul_van_Zeeland,1935-03-25,1937-11-24,be,"Paul Guillaume van Zeeland (Zinnik, 11 november 1893 – Brussel, 22 september 1973) was een Belgisch advocaat, econoom, katholiek politicus en staatsman."
Q14997,Achille,Van Acker,1898-04-08,1975-07-10,Bruges,https://nl.wikipedia.org/wiki/Achiel_Van_Acker,1954-04-23,1958-06-26,be,"Achille Honoré (Achiel) Van Acker uitspraakⓘ (Brugge, 8 april 1898 – aldaar, 10 juli 1975) was een Belgisch socialistisch politicus. Hij was viermaal premier van België."
Q14998,Camille,Huysmans,1871-05-26,1968-02-25,Bilzen,https://nl.wikipedia.org/wiki/Camille_Huysmans,1946-08-03,1947-03-20,be,"Jean Joseph Camille Huysmans (ook Kamiel Huysmans genoemd (Bilzen, 26 mei 1871 - Antwerpen, 25 februari 1968), geboren als Camiel Hansen, was een Belgisch journalist en socialistisch politicus voor de BWP / BSP."
Q14999,Gaston,Eyskens,1905-04-01,1988-01-03,Lier,https://nl.wikipedia.org/wiki/Gaston_Eyskens,1968-07-17,1973-01-26,be,"Gaston François Marie burggraaf Eyskens (Lier, 1 april 1905 – Leuven, 3 januari 1988) was drie maal christendemocratisch eerste minister van België in de periode tussen 1949 en 1973. Hij was de eerste Belgische regeringsleider die geboren was in de 20e eeuw."
Q15002,Leo,Tindemans,1922-04-16,2014-12-26,Zwijndrecht,https://nl.wikipedia.org/wiki/Leo_Tindemans,1974-04-25,1978-10-20,be,"Leonard Clemence (Leo) Tindemans (Zwijndrecht, 16 april 1922 – Edegem, 26 december 2014) was een Belgisch politicus voor de CVP  en minister van staat. Hij was eerste minister van twee regeringen in België (periode van 25 april 1974 tot 20 oktober 1978) en behaalde het grootste aantal voorkeurstemmen in de Belgische geschiedenis bij de Europese verkiezingen van 1979. Daardoor kreeg hij de bijnaam de man van 1 miljoen stemmen."
Q15048,Elio,Di Rupo,1951-07-18,,Morlanwelz,https://nl.wikipedia.org/wiki/Elio_Di_Rupo,2011-12-06,2014-10-11,be,"Elio Di Rupo (Morlanwelz, 18 juli 1951) is een Belgische politicus voor de Parti Socialiste (PS). Van 6 december 2011 tot 11 oktober 2014 was hij premier van België en werd meermaals minister en minister-president van de Waalse Regering."
Q15056,Jean-Luc,Dehaene,1940-08-07,2014-05-15,Montpellier,https://nl.wikipedia.org/wiki/Jean-Luc_Dehaene,1992-03-07,1999-07-12,be,"Jean Luc Joseph Marie Dehaene uitspraakⓘ (Montpellier, 7 augustus 1940 – Quimper, 15 mei 2014) was van 1992 tot 1999 premier van België. Hij was lid van de toenmalige CVP (nu CD&V). Onder zijn regering werd België een volwaardige federale staat. Dehaene leidde twee coalitieregeringen met de socialisten en bekleedde verschillende ministerposten voor hij in 1992 eerste minister werd. Van 2000 tot 2007 was hij burgemeester van Vilvoorde. In 2002 werd hij voorgedragen als vicevoorzitter van de Europese Conventie."
Q15956,Frans,Schollaert,1851-08-19,1917-06-29,Wilsele,https://nl.wikipedia.org/wiki/Frans_Schollaert,1908-01-09,1911-06-17,be,"François Victor Marie Ghislain (Frans) Schollaert (Wilsele, 19 augustus 1851 - Sainte-Adresse, 25 juni 1917) was een Belgisch katholiek politicus."
Q143202,Pieter,Decker,1812-01-25,1891-01-04,Zele,https://nl.wikipedia.org/wiki/Pieter_de_Decker,1855-03-30,1857-11-09,be,"Pierre Jacques François (Pieter) de Decker (Zele, 25 januari 1812 - Schaarbeek, 4 januari 1891) was een Belgisch politicus en auteur."
Q155691,Paul-Henri,Spaak,1899-01-25,1972-07-31,Schaerbeek - Schaarbeek,https://nl.wikipedia.org/wiki/Paul-Henri_Spaak,1947-03-20,1949-08-11,be,"Paul-Henri Charles Spaak uitspraakⓘ (Schaarbeek, 25 januari 1899 - Eigenbrakel, 31 juli 1972) was een Belgisch socialistisch politicus en regeringsleider."
Q202049,Auguste,Beernaert,1829-07-26,1912-10-06,Ostend,https://nl.wikipedia.org/wiki/Auguste_Beernaert,1884-10-26,1894-03-26,be,"Auguste Marie François (August) Beernaert (Oostende, 26 juli 1829 – Luzern, 6 oktober 1912) was een Belgisch katholiek politicus en mensenrechtenactivist. In 1909 won hij de Nobelprijs voor de Vrede."
Q221781,Théodore,Lefèvre,1914-01-17,1973-09-18,Ghent,https://nl.wikipedia.org/wiki/Th%C3%A9o_Lef%C3%A8vre,1961-04-25,1965-07-28,be,"Théodore Joseph Albéric Marie Lefèvre (Gent, 17 januari 1914 – Sint-Lambrechts-Woluwe, 18 september 1973) was een Belgisch politicus. Hij was premier van België van 1961 tot 1965, aan het hoofd van de regering Lefèvre-Spaak."
Q250021,Paul,None,1919-05-22,2001-01-09,Forest,https://nl.wikipedia.org/wiki/Paul_Vanden_Boeynants,1978-10-20,1979-04-03,be,"Van 1966 tot 1968 was Paul vanden Boeynants premier van de rooms-blauwe regering-Vanden Boeynants I. VDBs eerste regering viel op 7 februari 1968 over de kwestie Leuven Vlaams. Een dag eerder had Kamerlid Jan Verroken, fractieleider van de toen nog unitaire regeringspartij CVP/PSC en sindsdien berucht als le tombeur de VDB, in het parlement een interpellatie gehouden over de overheveling van de Franstalige afdeling van de KUL naar Wallonië, een rebelse daad die de Franstalige christendemocraten niet wilden aanvaarden. Na de parlementsverkiezingen van 31 maart 1968 werd VDB, die in de Brusselse kieskantons in dissidentie met het arrondissementeel Comité van de PSC (die met een eigen franstalige lijst opkwam), met een tweetalige VdB-CVP-kartellijst van communautair gematigde christendemocraten en met een gepersonaliseerde campagne (met 20 m²-grote affiches met tricolore band) een sterk resultaat (25,7%) had behaald, op 7 mei aangesteld als formateur. In die hoedanigheid bracht VDB een regering van socialisten en christendemocraten tot stand, maar droeg hij het premierschap over aan zijn partijgenoot Gaston Eyskens. VDBs voorkeur ging immers uit naar een klassieke tripartite waarvan ook de liberalen deel uitmaakten. "
Q289570,Étienne,Gerlache,1785-12-26,1871-02-10,Château of Biourge,https://nl.wikipedia.org/wiki/Etienne_de_Gerlache,1831-02-27,1831-03-10,be,"Etienne Constantin baron de Gerlache (Biourge, 25 december 1785 - Elsene, 10 februari 1871) was advocaat, politicus en magistraat in het Verenigd Koninkrijk der Nederlanden en in België."
Q313809,Wilfried,Martens,1936-04-19,2013-10-09,Sleidinge,https://nl.wikipedia.org/wiki/Wilfried_Martens,1981-12-17,1992-03-07,be,"Wilfried Achiel Emma Martens uitspraakⓘ (Sleidinge, 19 april 1936 – Lokeren, 9 oktober 2013) was een Vlaams-Belgische politicus voor de CD&V (vroeger CVP) en was van april 1979 tot maart 1992 (met een korte onderbreking) eerste minister van België."
Q349477,Mark,Eyskens,1933-04-29,,Leuven,https://nl.wikipedia.org/wiki/Mark_Eyskens,1981-04-06,1981-12-17,be,"Marc Maria Frans burggraaf Eyskens (uitspraakⓘ) (Leuven, 29 april 1933) is een Belgische emeritus hoogleraar, econoom, politicus en essayist. Van april tot december 1981 was hij premier van België."
Q363942,Pierre,Harmel,1911-03-16,2009-11-15,Uccle,https://nl.wikipedia.org/wiki/Pierre_Harmel,1965-07-28,1966-03-19,be,"Pierre Charles José Marie graaf Harmel (Ukkel, 16 maart 1911 – Brussel, 15 november 2009) was een Belgisch advocaat, hoogleraar en christendemocratisch staatsman."
Q442578,Hubert,Pierlot,1883-12-23,1963-12-13,Bertrix,https://nl.wikipedia.org/wiki/Hubert_Pierlot,1939-02-22,1945-02-12,be,"Hubert Marie Eugène Pierlot (Cugnon, 23 december 1883 – Ukkel, 13 december 1963) was de Belgische eerste minister van 1939 tot 1945."
Q446472,Jean-Baptiste,Nothomb,1805-07-03,1881-09-16,Messancy,https://nl.wikipedia.org/wiki/Jean-Baptiste_Nothomb,1841-04-13,1845-07-30,be,"Jean Baptiste Nothomb (Messancy, 3 juli 1805 – Berlijn, 16 september 1881) was een Belgisch staatsman en diplomaat die een belangrijke rol speelde bij het tot stand komen van de Belgische staat. Zo was hij een van de opstellers van de Belgische grondwet en onderhandelde hij over de verdragen die de Belgische onafhankelijkheid garandeerden."
Q461745,Edmond,None,1915-04-18,1997-06-15,Lantremange,https://nl.wikipedia.org/wiki/Edmond_Leburton,1973-01-26,1974-04-25,be,"Edmond Jules Isidore Leburton (Lantremange, 18 april 1915 – Borgworm, 15 juni 1997) was een Belgisch politicus voor de PSB."
Q461753,Jean,None,1900-04-10,1977-10-11,Frasnes-lez-Gosselies,https://nl.wikipedia.org/wiki/Jean_Duvieusart,1950-06-08,1950-08-16,be,"Jean Pierre Armand Ghislain Marie Duvieusart (Frasnes-lez-Gosselies, 10 april 1900 – Couillet, 11 oktober 1977) was een Belgisch advocaat en katholiek politicus."
Q468104,Joseph,Lebeau,1794-01-03,1865-03-19,Huy,https://nl.wikipedia.org/wiki/Joseph_Lebeau,1840-04-18,1841-04-13,be,"Jean Louis Joseph Lebeau (Hoei, 2 januari 1794 – aldaar, 19 maart 1865) was lid van het Nationaal Congres, Belgisch liberaal volksvertegenwoordiger en eerste minister."
Q468109,Charles,Rogier,1800-08-17,1885-05-27,Saint-Quentin,https://nl.wikipedia.org/wiki/Charles_Rogier,1857-11-09,1868-01-03,be,"Charles Latour Rogier (Nederlands, verouderd: Karel Rogier; Saint-Quentin 17 augustus 1800 – Sint-Joost-ten-Node, 27 mei 1885) was een Belgisch politicus en een van de grondleggers van de Belgische staat."
Q472257,Barthélemy,None,1794-02-26,1874-08-24,Kasteel van Schabroek,https://nl.wikipedia.org/wiki/Barth%C3%A9lemy_de_Theux_de_Meylandt,1871-12-07,1874-08-21,be,"Barthélemy-Théodore graaf de Theux de Meylandt (Sint-Truiden, 26 februari 1794 – Heusden, 21 augustus 1874) was een Belgisch staatsman, eerste minister en lid van het Nationaal Congres."
Q472276,Felix,None,1793-04-05,1862-08-05,Pittem,https://nl.wikipedia.org/wiki/Felix_de_M%C3%BBelenaere,1831-07-24,1832-10-20,be,"Felix Amandus de Mûelenaere (Pittem, 9 april 1793 – aldaar, 5 augustus 1862) was een Belgisch unionistisch politicus."
Q476596,Alexander,De Croo,1975-11-03,,Vilvoorde,https://nl.wikipedia.org/wiki/Alexander_De_Croo,2020-10-01,,be,"Alexander Francis Herman De Croo (Vilvoorde, 3 november 1975) is een Belgisch politicus voor Open Vld. Sedert 1 oktober 2020 is De Croo premier van België van de zogenaamde Vivaldicoalitie. Hij volgde Sophie Wilmès op en is de eerste Vlaamse premier in iets minder dan 10 jaar."
Q527479,Henri,de Brouckère,1801-01-25,1891-01-25,Bruges,https://nl.wikipedia.org/wiki/Henri_de_Brouck%C3%A8re,1852-10-31,1855-03-30,be,"Henri Ghislain Joseph Marie Hyacinthe de Brouckère (Brugge, 25 januari 1801 - Brussel, 25 januari 1891) was een Belgisch liberaal politicus. Hij was onder meer eerste minister, volksvertegenwoordiger en lid van het Belgisch Nationaal Congres."
Q533339,Albert,None,1790-05-26,1873-05-05,Tournai,https://nl.wikipedia.org/wiki/Albert_Goblet_d%27Alviella,1832-10-20,1834-08-04,be,"Albert Joseph Goblet, sinds 1838 graaf Goblet dAlviella (Doornik, 26 mei 1790 – Brussel, 5 mei 1873) was een Belgisch politicus en officier."
Q546727,Sylvain,Weyer,1802-01-19,1874-05-23,Leuven,https://nl.wikipedia.org/wiki/Sylvain_Van_de_Weyer,1845-07-30,1846-03-31,be,"Jean-Sylvain Van de Weyer  (Leuven, 19 januari 1802 – Londen, 23 mei 1874), beter bekend als Sylvain Van de Weyer, was een van de grondleggers van de Belgische Staat, en later ook eerste minister."
Q569138,Jules,Burlet,1844-04-10,1897-03-01,Ixelles - Elsene,https://nl.wikipedia.org/wiki/Jules_de_Burlet,1894-03-26,1896-02-25,be,"Jules Philippe Marie de Burlet (Elsene, 10 april 1844 - Nijvel, 1 maart 1897) was een Belgisch katholiek politicus."
Q665955,Paul-Émile,None,1872-05-30,1944-03-03,Brussels metropolitan area,https://nl.wikipedia.org/wiki/Paul-Emile_Janson,1937-11-24,1938-05-15,be,"Paul-Emile Janson (Brussel, 30 mei 1872 - concentratiekamp Buchenwald, 3 maart 1944) was de Belgische eerste minister van november 1937 tot mei 1938."
Q678535,Jules,Malou,1810-10-19,1886-07-11,Ypres,https://nl.wikipedia.org/wiki/Jules_Malou,1884-06-16,1884-10-26,be,"Jules Edouard François-Xavier Malou (Ieper, 19 oktober 1810 - Sint-Lambrechts-Woluwe, 11 juli 1886) was een Belgisch politicus. Hij was onder meer leider van de Katholieke Partij, volksvertegenwoordiger, senator en eerste minister."
Q705103,Charles,Broqueville,1860-12-04,1940-09-05,Postel,https://nl.wikipedia.org/wiki/Charles_de_Broqueville,1932-10-22,1934-11-20,be,"Charles Marie Pierre Albert graaf de Broqueville (Postel (Mol), 4 december 1860 - Brussel, 5 september 1940) was de Belgische kabinetsleider tijdens de Eerste Wereldoorlog (van 17 juni 1911 tot 1 juni 1918) en eerste minister van 22 oktober 1932 tot 20 november 1934. Hij was lid van de Katholieke Partij."
Q705111,Joseph,Pholien,1884-12-28,1968-01-04,Liège,https://nl.wikipedia.org/wiki/Joseph_Pholien,1950-08-16,1952-01-15,be,"Joseph Clovis Louis Marie Emmanuel Pholien (Luik, 28 december 1884 – Brussel, 4 januari 1968) was een Belgisch politicus van de PSC."
Q705128,Jean,Van Houtte,1907-03-17,1991-05-23,Ghent,https://nl.wikipedia.org/wiki/Jean_Van_Houtte,1952-01-15,1954-04-23,be,"Jean Maria Josephus baron Van Houtte (Gent, 17 maart 1907 – Brussel, 23 mei 1991) was een Belgisch advocaat, hoogleraar en politicus van de CVP."
Q705791,Walthère,Frère,1812-04-22,1896-01-02,Liège,https://nl.wikipedia.org/wiki/Walth%C3%A8re_Fr%C3%A8re-Orban,1878-06-19,1884-06-16,be,"Hubert Joseph Walthère Frère-Orban (Luik, 24 april 1812 – Brussel, 2 januari 1896) was een Belgisch liberaal politicus die zijn stempel heeft gedrukt op de eerste halve eeuw onafhankelijkheid van België."
Q719483,Gérard,Cooreman,1852-03-25,1926-12-02,Ghent,https://nl.wikipedia.org/wiki/Gerard_Cooreman,1918-06-01,1918-11-21,be,"Gérard François Marie (Gerard) Cooreman (Gent, 25 maart 1852 – Brussel, 2 december 1926) was een Belgisch advocaat en politicus voor de katholieke Partij."
Q721772,Jules,Vandenpeereboom,1843-03-18,1917-03-06,Kortrijk,https://nl.wikipedia.org/wiki/Jules_Vandenpeereboom,1899-01-24,1899-08-05,be,"Jules Pierre Henri François Xavier Vandenpeereboom (Kortrijk, 18 maart 1843 - Anderlecht, 6 maart 1917) was een Belgisch katholiek politicus."
Q721781,Paul,None,1843-05-13,1913-09-09,Ghent,https://nl.wikipedia.org/wiki/Paul_de_Smet_de_Naeyer,1899-08-05,1907-05-02,be,"Paul Joseph graaf de Smet de Naeyer (Gent, 13 mei 1843 – Brussel, 9 september 1913) was een Belgisch katholiek politicus."
Q721798,Jules,Trooz,1857-02-21,1907-12-31,Leuven,https://nl.wikipedia.org/wiki/Jules_de_Trooz,1907-05-02,1907-12-31,be,"Baron Jules Henri Ghislain Marie de Trooz (Leuven, 21 februari 1857 - Brussel, 31 december 1907) was een Belgisch katholiek politicus."
Q725589,Jules,d'Anethan,1803-04-23,1888-10-08,Brussels metropolitan area,https://nl.wikipedia.org/wiki/Jules_Joseph_d%27Anethan,1870-07-02,1871-12-07,be,"Jules Joseph dAnethan (Brussel, 23 april 1803 - Schaarbeek, 8 oktober 1888) was een Belgisch politicus. Hij was premier van 2 juli 1870 tot 7 december 1871."
Q950958,Charles,Michel,1975-12-21,,Namur,https://nl.wikipedia.org/wiki/Charles_Michel,2014-10-11,2019-10-27,be,"Charles Yves Jean Ghislaine Michel (Namen, 21 december 1975) is een Belgisch politicus voor de partij Mouvement Réformateur (MR). Van 11 oktober 2014 tot 27 oktober 2019 was hij premier van België in de regeringen Michel I en Michel II. Op 2 juli 2019 werd hij verkozen als voorzitter van de Europese Raad, in opvolging van Donald Tusk, een functie die hij sinds 1 december 2019 uitoefent."
Q18434995,Sophie,Wilmès,1975-01-15,,Ixelles - Elsene,https://nl.wikipedia.org/wiki/Sophie_Wilm%C3%A8s,2019-10-27,2020-10-01,be,"Sophie Wilmès (Elsene, 15 januari 1975) is een Belgisch politica van de MR. Van 27 oktober 2019 tot 1 oktober 2020 was ze de eerste vrouwelijke premier van België. Sinds 1 oktober 2020 was ze vicepremier en minister van Buitenlandse Zaken en Buitenlandse Handel. Om familiale redenen legde ze op 21 april 2022 haar bevoegdheden als minister tijdelijk neer. Op 15 juli 2022 legde ze haar functie definitief neer."
Q7747,Vladimir,Putin,1952-10-07,,Saint Petersburg,"https://ru.wikipedia.org/wiki/%D0%9F%D1%83%D1%82%D0%B8%D0%BD,_%D0%92%D0%BB%D0%B0%D0%B4%D0%B8%D0%BC%D0%B8%D1%80_%D0%92%D0%BB%D0%B0%D0%B4%D0%B8%D0%BC%D0%B8%D1%80%D0%BE%D0%B2%D0%B8%D1%87",2000-05-07,2008-05-07,ru,Прокуратура
Q23530,Dmitry,Medvedev,1965-09-14,,Saint Petersburg,"https://ru.wikipedia.org/wiki/%D0%9C%D0%B5%D0%B4%D0%B2%D0%B5%D0%B4%D0%B5%D0%B2,_%D0%94%D0%BC%D0%B8%D1%82%D1%80%D0%B8%D0%B9_%D0%90%D0%BD%D0%B0%D1%82%D0%BE%D0%BB%D1%8C%D0%B5%D0%B2%D0%B8%D1%87",2008-05-07,2012-05-07,ru,Иные награды
Q34453,Boris,Yeltsin,1931-02-01,2007-04-23,Butka,"https://ru.wikipedia.org/wiki/%D0%95%D0%BB%D1%8C%D1%86%D0%B8%D0%BD,_%D0%91%D0%BE%D1%80%D0%B8%D1%81_%D0%9D%D0%B8%D0%BA%D0%BE%D0%BB%D0%B0%D0%B5%D0%B2%D0%B8%D1%87",1991-07-10,1999-12-31,ru,Иные регалии:
